{
    "Actions": {
        "load data": true,
        "load simulation": false,
        "generate model": true,
        "run statics": true,
        "run modal": false,
        "run dynamics": true,
        "postprocess results": true,
        "plot results": true,
        "batch simulations": false
    },
    "File IO": {
        "input": {
            "dir": "database/FOWTC/",
            "Orcaflex data": "FOWTC_ref.yml"
        },
        "output": {
            "dir": "database/FOWTC/",
            "Orcaflex sim": "FOWTC.sim",
            "Orcaflex data": "FOWTC.yml"
        }
    },
    "_Towers": [
        { 
            "name": "Tower", "section": "main tower", 
            "platform": {"id": "Vessel1", "end": [0.0, 0.0, 15.046, 0.0, 180.0, 0.0]},
            "nacelle": {"id": "nacelle", "end": [0.0, 0.0, 0.0, 0.0, 180.0, 180.0]} 
        }
    ],
    "Tower sections": {
        "main tower": { 
            "lenght": 129.528, "target length": 2.0,
            "density": 8.4, "E": 200e6, "Poisson": 0.261,
            "Cdx": 1.0, "Cdz": 0.008, "Cl": 0.0, "Cax": 1.0, "Caz": 0.0, 
            "arc length": [0.0, 12.581, 12.582, 25.581, 25.582, 38.581, 38.582, 51.581, 51.582, 64.581, 64.582, 77.581, 77.582, 90.581, 90.582, 103.581, 103.582, 116.581, 116.582, 129.582], 
            "OD": [6.5, 7.321, 7.321, 8.405, 8.405, 8.735, 8.735, 8.945, 8.945, 9.149, 9.149, 9.528, 9.528, 9.927, 9.927, 9.967, 9.967, 9.964, 9.964, 10.0], 
            "ID": [6.457578, 7.278578, 7.284322, 8.368322, 8.3645, 8.6945, 8.689292, 8.899292, 8.893866, 9.097866, 9.093316, 9.472316, 9.4682, 9.8672, 9.761402, 9.801402, 9.800854, 9.797854, 9.798092, 9.834092]
        }
    },
    "Environment": {
        "water depth": 2000.0, "water density": 1.025, 
        "sea current": {
            "direction": 45.0, "is ramped": false,
            "type": "constant", "speed": 1.0, 
            "type_": "interpolated", "speed_": 1.0, "depth_": [0.0, 2000.0], "factor_": [0.0, 1.0], "rotation_": [0.0, 0.0],
            "type__": "power law", "speed__": { "surface__": 1.0, "seabed__": 0.0 }, "expoent__": 7.0

        },
        "_seabed": {
            "origin": [0.0, 0.0],
            "direction": 100.0,
            "slope": 0.0,
            "type": "elastic", 
                "stiffness": { "normal": 100.0, "shear": 100.0 }, 
            "type_": 
                "nonlinear", "stiffness_": 100.0, "strength_": { "at mudline": 5.0, "gradient": 1.5}, "density__": 1.5
        },
        "_wind": {
            "include on": ["platforms", "buoys", "towers"],
            "density": 0.00122,
            "type": "constant", "speed": 11.0, "direction": 180.0,
            "type_": "API spectrum", "mean speed_": "15.0", "direction_": 90.0, "elevation_": 10.0, "time origin_": 0.0, "frequency_": { "min": 0.001, "max": 0.4 }, "seed_": -1000000, "components_": 1000,
            "type__": "user spectrum", "mean speed__": "15.0", "direction__": 90.0, "elevation__": 10.0, "time origin__": 0.0, "seed__": -1000000, "components__": 1000, "spectrum__": [600,75,30,20], "frequency__": [0.0017,0.03,0.06,0.1],
            "type___": "user components", "mean speed___": "15.0", "direction___": 90.0, "time origin___": 0.0, "frequency___": [0.001,0.003,0.006], "period___": [500, 350, 150], "amplitude___": [0.615, 0.615, 0.615],
            "_type": "time story", "_mean speed": "15.0", "_mean direction": 90.0, "_time origin": 0.0, "_min sample": 0.1, 
                "__time": [0.0, 10.0, 20.0], "__speed": [0, 15, 15], "__direction": [0, 0, 0],
                "___time": [0.0, 10.0, 20.0], "___speed": [0, 15, 15],
                "____file name": "wind.txt"
        },
        "wave": {
            "_type": "Airy", "_direction": 90.0, "_height": 5.0, "_period": 10.0, "_origin": [0.0, 0.0], "_time origin": 0.0, 
            "type_": "Dean stream", "direction_": 90.0, "height_": 5.0, "period_": 10.0, "origin_": [0.0, 0.0], "time origin_": 0.0, "order_": 7,
            "type__": "Stokes", "direction__": 90.0, "height__": 5.0, "period__": 10.0, "origin__": [0.0, 0.0], "time origin__": 0.0, 
            "type___": "Cnoidal", "direction___": 90.0, "height___": 5.0, "period___": 10.0, "origin___": [0.0, 0.0], "time origin___": 0.0, 
            "type": "JONSWAP", 
                "seed": "set",
                "parameters": "fully specified",
                "direction": 180.0, "Hs": 5.0, "Tz": 10.0, 
                "origin": [0.0, 0.0], "time origin": 0.0, 
                "directions": 1, "spreading exponent": 20,
                "discretisation": "arithmetic",
                "gamma": 1.0, "alpha": 0.02, 
                "sigma1": 0.05, "sigma2": 0.1, 
                "fm": 0.09, "Tp": 11, 
                "components": 100, "max component": 0.05,
                "frequency": {"min": 0.5, "max": 12.0}, 
            "type_____": "user spectrum", "direction_____": 90.0, "height_____": 5.0, "period_____": 10.0, "origin_____": [0.0, 0.0], "time origin_____": 0.0, "directions_____": 2, 
                "__discretisation": ["arithmetic", "geometric", "equal energy"],
                "frequency_____": [0.03, 0.2], "spectrum_____": [0.0, 2.3],
            "type______": "user components", "direction______": 90.0, "height______": 5.0, "period______": 10.0, "origin______": [0.0, 0.0], "time origin______": 0.0,
                "frequency______": [0.03, 0.2], "T______": [10.0, 12.3], "Amplitude______": [3, 2], 
            "type_______": "response", "direction_______": 90.0, "height_______": 5.0,"origin_______": [0.0, 0.0], "time origin_______": 0.0, "frequency range_______": [0.01, 1.01], "seed_______": 48461325

        }
    },
    "Analysis": {
        "statics enabled" : true,
        "stage duration": [ 0.1, 3.0 ],
        "statics": {
            "max iterations": 400,
            "tolerance": 1.0e-6,
            "damping": [1.0, 10.0]
        },
        "dynamics": {
            "method": "implicit",
            "variable time step": false,
            "time step": 0.1, 
            "max iterations": 100, 
            "tolerance": 25.0e-6, 
            "log precision": "Double",
            "sample": 0.1
        }
    },
    "PostProcessing": {
        "period": { "stage": 2 },
        
        "lines": [
            { 
                "id": 1,
                "static": ["tension"],
                "tension": { "fairleads": ["A"], "end segments": "all" }
            },
            { 
                "id": 3,
                "static": ["tension"],
                "tension": { "fairleads": ["A"], "end segments": "all" }
            },
            { 
                "id": 5,
                "static": ["tension"],
                "tension": { "fairleads": ["A"], "end segments": "all" }
            }
        ],
        "_platforms": [
            {
                "id": 1, 
                "equilibrium": "all dofs",
                "position": "all dofs"
            }
        ],

        "plots": {
            "line tensions": {
                "statics": {
                    "same fig": true,
                    "group": [2, 2],
                    "#group": "same column"
                },
                "fairleads": { 
                    "same fig": true,
                    "# group": "same row"
                }
            }, 
            "_platforms": {
                "ids": "all requested",
                "dofs": "all requested",
                "offsets in plane": true, 
                "same fig": { "dofs": true, "all platforms motion": false }
            }
        },
        "export format": { 
            "statics": "excel", 
            "dynamics": "excel",
            "modal": "excel",
            "batch": "excel"
        }        
    },
    "Save options": {
        "Orcaflex data": true,
        "Orcaflex simulation": true,
        "results": true
    }
}